title:小学学校数数据,unit:所,,year,北京市,上海市,重庆市,天津市,西安市,成都市,昆明市,长春市,合肥市,郑州市,南京市,苏州市,哈尔滨市,广州市,深圳市,东莞市,长沙市,福州市,武汉市,济南市,青岛市,杭州市,宁波市,大连市,沈阳市
,,,2020,,,,,,,,,,,,,,,,,,,,,,,,,
,,,2019,941,698,2860,877,,607,,1006,510,,373,424,415,980,340,331,909,893,,683,720,489,427,419,279
,,,2018,,721,2893,879,,,755,,515,940,,,574,,344,328,937,895,,,,478,433,,
,,,2017,984,741,2954,857,,569,755,1065,542,922,349,400,838,961,342,329,918,897,,580,722,458,440,485,273
,,,2016,984,753,2979,857,1190,556,937,1067,551,932,346,391,366,953,337,328,931,900,594,582,743,447,444,508,272
,,,2015,996,764,4170,849,1234,523,959,1126,584,935,350,387,590,941,334,327,939,893,591,582,772,443,448,526,274
,,,2014,1040,757,4586,842,1257,522,958,1197,613,935,345,383,608,938,331,320,937,905,588,588,794,421,457,551,295
,,,2013,1093,,,,1291,513,956,1345,,980,339,304,,936,,,,,590,602,806,,,569,320
,,,2012,,,,,1322,,,,,,,,,,,,,,598,,,,,,
,,,2011,,,,,1424,,,,,,,,,,,,,,740,,,,,,
,,,2010,,,,,,,,,,,,,,,,,,,,,,,,,
,,,2009,,,,,,,,,,,,,,,,,,,,,,,,,
,,,2008,,,,,,,,,,,,,,,,,,,,,,,,,
,,,2007,,,,,,,,,,,,,,,,,,,,,,,,,
,,,2006,,,,,,,,,,,,,,,,,,,,,,,,,
,,,2005,,,,,,,,,,,,,,,,,,,,,,,,,
,,,2004,,,,,,,,,,,,,,,,,,,,,,,,,
,,,2003,,,,,,,,,,,,,,,,,,,,,,,,,
,,,2002,,,,,,,,,,,,,,,,,,,,,,,,,
,,,2001,,,,,,,,,,,,,,,,,,,,,,,,,
,,,2000,,,,,,,,,,,,,,,,,,,,,,,,,
,,,1999,,,,,,,,,,,,,,,,,,,,,,,,,
,,,1998,,,,,,,,,,,,,,,,,,,,,,,,,
,,,1997,,,,,,,,,,,,,,,,,,,,,,,,,
,,,1996,,,,,,,,,,,,,,,,,,,,,,,,,
,,,1995,,,,,,,,,,,,,,,,,,,,,,,,,
,,,1994,,,,,,,,,,,,,,,,,,,,,,,,,
,,,1993,,,,,,,,,,,,,,,,,,,,,,,,,
,,,1992,,,,,,,,,,,,,,,,,,,,,,,,,
,,,1991,,,,,,,,,,,,,,,,,,,,,,,,,
,,,1990,,,,,,,,,,,,,,,,,,,,,,,,,
,,,1989,,,,,,,,,,,,,,,,,,,,,,,,,
,,,1988,,,,,,,,,,,,,,,,,,,,,,,,,
,,,1987,,,,,,,,,,,,,,,,,,,,,,,,,
,,,1986,,,,,,,,,,,,,,,,,,,,,,,,,
,,,1985,,,,,,,,,,,,,,,,,,,,,,,,,
,,,1984,,,,,,,,,,,,,,,,,,,,,,,,,
,,,1983,,,,,,,,,,,,,,,,,,,,,,,,,
,,,1982,,,,,,,,,,,,,,,,,,,,,,,,,
,,,1981,,,,,,,,,,,,,,,,,,,,,,,,,
,,,1980,,,,,,,,,,,,,,,,,,,,,,,,,
,,,1979,,,,,,,,,,,,,,,,,,,,,,,,,
,,,1978,,,,,,,,,,,,,,,,,,,,,,,,,
,,,1977,,,,,,,,,,,,,,,,,,,,,,,,,
,,,1976,,,,,,,,,,,,,,,,,,,,,,,,,
,,,1975,,,,,,,,,,,,,,,,,,,,,,,,,
,,,1974,,,,,,,,,,,,,,,,,,,,,,,,,
,,,1973,,,,,,,,,,,,,,,,,,,,,,,,,
,,,1972,,,,,,,,,,,,,,,,,,,,,,,,,
,,,1971,,,,,,,,,,,,,,,,,,,,,,,,,
,,,1970,,,,,,,,,,,,,,,,,,,,,,,,,
,,,1969,,,,,,,,,,,,,,,,,,,,,,,,,
,,,1968,,,,,,,,,,,,,,,,,,,,,,,,,
,,,1967,,,,,,,,,,,,,,,,,,,,,,,,,
,,,1966,,,,,,,,,,,,,,,,,,,,,,,,,
,,,1965,,,,,,,,,,,,,,,,,,,,,,,,,
,,,1964,,,,,,,,,,,,,,,,,,,,,,,,,
,,,1963,,,,,,,,,,,,,,,,,,,,,,,,,
,,,1962,,,,,,,,,,,,,,,,,,,,,,,,,
,,,1961,,,,,,,,,,,,,,,,,,,,,,,,,
,,,1960,,,,,,,,,,,,,,,,,,,,,,,,,
,,,1959,,,,,,,,,,,,,,,,,,,,,,,,,
,,,1958,,,,,,,,,,,,,,,,,,,,,,,,,
,,,1957,,,,,,,,,,,,,,,,,,,,,,,,,
,,,1956,,,,,,,,,,,,,,,,,,,,,,,,,
,,,1955,,,,,,,,,,,,,,,,,,,,,,,,,
,,,1954,,,,,,,,,,,,,,,,,,,,,,,,,
,,,1953,,,,,,,,,,,,,,,,,,,,,,,,,
,,,1952,,,,,,,,,,,,,,,,,,,,,,,,,
,,,1951,,,,,,,,,,,,,,,,,,,,,,,,,